Index	Gene	ProteinID	Peptide	SequenceWindow	Start	End	MaxPepProb	ReferenceIntensity	sample-01	sample-02	sample-03	sample-04	sample-05	sample-06	sample-07	sample-08	sample-09	sample-10
A0A2R8Y4L2_GFGFVTYATVEEVDAAMNAR	HNRNPA1L3	A0A2R8Y4L2	GFGFVTYATVEEVDAAMNAR	PNTKRSR.GFGFVTYATVEEVDAAMNAR.PHKVDGR	56	76	0.9998	21.27420078465907	-0.07876398121512729	0.08546167146876815	0.32351431141370135	-0.1567371853300088	0.028540008402703876	0.10338980855394198	0.06855160654507575	0.0517053703749113	0.0011172302798803102	-0.2691663453955613
A6NMY6_LSLEGDHSTPPSAYGSVK	ANXA2P2	A6NMY6	LSLEGDHSTPPSAYGSVK	VHEIICK.LSLEGDHSTPPSAYGSVK.AYTNFDA	11	29	0.9993	18.16624280449733	0.006192456751913156	-0.22401138055864056	-0.2448010633580182	-0.06310094216040696	-0.015441617027297738	0.20779240204987914	0.10744955255616429	0.015270283203211221	0.27610126569284343	-0.015082379266250001
B7ZW38_GDDLQAIK	HNRNPCL3	B7ZW38	GDDLQAIK	SKSGKIK.GDDLQAIK.QEITQIK	177	185	0.9813	27.30901886497335	0.15327306195056423	0.06571866063635756	-0.7417745689506638	0.14939271186950265	-0.015303308134402727	-0.3224251444928896	0.09823157186627096	0.05891234388095867	-0.09439788654343051	-0.03615081690453792
B7ZW38_LKGDDLQAIK	HNRNPCL3	B7ZW38	LKGDDLQAIK	GSSKSGK.LKGDDLQAIK.QEITQIK	175	185	0.9567	24.960768409124032	-0.023368962650032188	-0.08452978470192374	0.7897806635960265	-0.04080232479753576	-0.035255950017532456	0.3161269686153254	-0.06483240817369396	-0.2925403897898491	-0.20969797061018713	-0.14344560202066603
B7ZW38_MESEGGADDSVEEGDLLCDDDNEDQGDNQLELIK	HNRNPCL3	B7ZW38	MESEGGADDSVEEGDLLCDDDNEDQGDNQLELIK	KDKTHVK.MESEGGADDSVEEGDLLCDDDNEDQGDNQLELIK.DDEKGAE	238	272	0.9959	18.16624280449733	0.10141005609898635	0.005121008661032711	-0.5427095339500667	-0.06243545658677796	-0.06395710249078945	0.14506275182670159	-0.1092820469828455	0.12151539868553662	-0.08016588612319797	0.16838138730872032
B7ZW38_MESEGGADDSVEEGDLLCDDDNEDQGDNQLELIKDDEK	HNRNPCL3	B7ZW38	MESEGGADDSVEEGDLLCDDDNEDQGDNQLELIKDDEK	KDKTHVK.MESEGGADDSVEEGDLLCDDDNEDQGDNQLELIKDDEK.GAEEGED	238	276	0.9979	22.59024267915044	0.150929435126411	0.005905152010025283	-0.5869625942502541	-0.06087868528450713	0.0928879289228135	0.292806346004685	-0.08099425434785434	-0.03536686533934663	0.06351775424151285	-0.06221670003233726
O00148_GLAITFVSDENDAK	DDX39A	O00148	GLAITFVSDENDAK	AGRFGTK.GLAITFVSDENDAK.IINDVQD	384	398	0.965	18.908503503819354	0.10641000278164725	-0.11260462206172495	-0.12028116038170289	-0.009926631724480828	-0.0337091938605365	-0.30482876663027625	0.11513534182100482	0.0726558490997391	0.07497597015534208	0.010768384571363754
O14602_INETDTFGPGDDDEIQFDDIGDDDEDIDDI	EIF1AY	O14602	INETDTFGPGDDDEIQFDDIGDDDEDIDDI	EIPEHAK.INETDTFGPGDDDEIQFDDIGDDDEDIDDI.	115	145	0.9797	29.374385201927826	-0.21533740675569302	0.07064277339662883	-0.14352965204742674	0.04146315671168743	-0.08535987659671829	0.05294676725410863	-0.0038529018202897447	0.17778913940915952	0.17372186238793486	-0.09171119711384801
O14979_VFVGGLSPDTSEEQIK	HNRNPDL	O14979	VFVGGLSPDTSEEQIK	GKEPPKK.VFVGGLSPDTSEEQIK.EYFGAFG	235	251	0.9938	23.015434480842124	0.06821535836368398	-0.041196985696422495	-0.3250843546374238	0.01181453870769289	0.008411577441680862	0.17435385175146578	-0.10284982774155882	0.03703325106273425	-0.08181620469847939	0.0934226836646026
O15533_HHSDGSVSLSGHLQPPPVTTEQHGAR	TAPBP	O15533	HHSDGSVSLSGHLQPPPVTTEQHGAR	RWISAIR.HHSDGSVSLSGHLQPPPVTTEQHGAR.YACRIHH	354	380	0.9992	22.6236272552602	-0.03551643903662516	-0.12847870436557063	0.09098029900710891	0.042377248079265684	-0.07967031880907527	0.05420286954937126	0.13735490005975937	0.05464517675619973	0.1227220054547482	-0.16428915169696978
O43390_DLYEDELVPLFEK	HNRNPR	O43390	DLYEDELVPLFEK	FVGKIPR.DLYEDELVPLFEK.AGPIWDI	175	188	0.9649	24.761901787184243	0.13637934812378028	0.006780976161011587	0.012127203548919496	0.08361024116999971	0.13737052708402153	-0.2813876157590709	-0.0726127762362454	-0.027865604149472034	-0.1315431510485192	-0.086961859027328
O60814_AMGIMNSFVNDIFER	H2BC12	O60814	AMGIMNSFVNDIFER	DTGISSK.AMGIMNSFVNDIFER.IAGEASR	59	74	0.9999	27.536223475043467	-0.06493167384208931	-0.4444916904632885	0.1821898760896623	0.02488912414907496	-0.08736051925312971	0.008929585745786284	0.12121716599099752	-0.03364517067775452	0.08669566765063319	0.12826228287827313
O75923_NLVDPFVEVSFAGK	DYSF	O75923	NLVDPFVEVSFAGK	GFESNKK.NLVDPFVEVSFAGK.MICSKII	414	428	0.9498	21.666172139254222	0.07223121593361626	0.10309034889689617	-0.20560931562684637	0.0366215439854205	0.01074608868573712	0.0462289514164933	0.025602340026613213	-0.19624672124042242	-0.07279452677246834	0.02586605519906371
O95758_VTNLLMLK	PTBP3	O95758	VTNLLMLK	IGIPFGK.VTNLLMLK.GKSQAFI	85	93	0.9791	22.600091087083044	0.08615819080117149	0.1801906753287108	-0.08140216467863581	0.031216545295112752	-0.15043962655915877	-0.24527182702949624	0.03355981253876461	0.03587654532760709	-0.2376632327687611	0.028288452713859158
P00338_SADTLWGIQK	LDHA	P00338	SADTLWGIQK	EEARIKK.SADTLWGIQK.EIQF	319	329	0.9941	25.532106143010306	-0.9131651039514281	-0.9184723133246342	-0.9009618817641076	0.12057990182158207	0.12800665183258886	0.08368432805532322	0.47324545928767403	0.44896699563889086	0.4791909593918069	0.009572135165026197
P00352_ANNTFYGLSAGVFTK	ALDH1A1	P00352	ANNTFYGLSAGVFTK	IDDVIKR.ANNTFYGLSAGVFTK.DIDKAIT	421	436	0.9924	25.94636465451161	-0.5318209388884636	-0.8607662942265106	-0.5397422595806436	0.15109680931190184	0.0364696036807004	-0.1964578305692548	0.344767865485454	0.4089482084177014	0.4400152221995297	0.08579702418219881
P04350_MAATFIGNSTAIQELFK	TUBB4A	P04350	MAATFIGNSTAIQELFK	IPPRGIK.MAATFIGNSTAIQELFK.RISEQFT	363	380	0.9773	23.353887111261265	-0.48246566604785457	-0.24333930833733586	-0.2707545055658045	0.1297809972979369	0.09641655241933833	-0.040563619948740026	0.2818511079346999	0.07403913762960812	0.25242776096934794	0.0025778459527714404
P04406_LISWYDNEFGYSNR	GAPDH	P04406	LISWYDNEFGYSNR	INDHFVK.LISWYDNEFGYSNR.VVDIMAH	310	324	0.9991	25.865110865006667	-0.3426400665728373	-0.4087994399356747	-0.06577326949997264	0.06903947181794656	-0.15566955299927265	-0.21468751084490023	0.25106728048587446	0.3259180395874228	0.44968937915209306	-0.040952487043755426
P04792_LATQSNEITIPVTFESR	HSPB1	P04792	LATQSNEITIPVTFESR	VEAPMPK.LATQSNEITIPVTFESR.AQIGGPE	172	189	0.9973	25.247200348854545	0.28958865595822836	-0.12383114659523553	0.08897047874970987	-0.3064581924373524	-0.14051803584816902	0.270287837413953	0.10422010866984355	0.029316192492192528	-0.02959955689040239	-0.11651355581601308
P04792_QLSSGVSEIR	HSPB1	P04792	QLSSGVSEIR	YSRAISR.QLSSGVSEIR.HTADRWR	80	90	0.9854	24.190352573631746	-0.28257975493849585	-0.25925715635921787	-0.25196494168640626	0.035533712803296424	0.11677007402393969	0.05245378137793821	0.10390240927789218	0.18960195028386906	0.23321147841470147	-0.015176131160224315
P04899_QLFALSCTAEEQGVLPDDLSGVIR	GNAI2	P04899	QLFALSCTAEEQGVLPDDLSGVIR	SRADDAR.QLFALSCTAEEQGVLPDDLSGVIR.RIWADHG	106	130	0.9987	23.257136892560155	-0.30829327519976957	0.06670841303605624	0.4677438096389519	-0.014488757949351339	0.17388701546478913	-0.1469304521382071	-0.3091916732885496	0.15084583580942024	0.1488576609353034	-0.1262806233136562
P04908_VTIAQGGVLPNIQAVLLPK	H2AC4	P04908	VTIAQGGVLPNIQAVLLPK	INKIIGR.VTIAQGGVLPNIQAVLLPK.KTESHHK	101	120	0.9991	28.08618217854303	0.18502694820987386	0.0035371126129115638	0.1850752643261231	-0.08482075519581045	0.019022313100013122	-0.29236028884545107	0.0020606531732907385	-0.05576671234731734	-0.14100410774165528	0.022757880280263265
P05388_EESEESDEDMGFGLFD	RPLP0	P05388	EESEESDEDMGFGLFD	PAKVEAK.EESEESDEDMGFGLFD.	302	318	0.9372	23.6575423940579	-0.09974612874551525	0.31046670684884337	0.08256816245985377	-0.07427185677818571	0.00463116886938586	0.030273066889243694	0.08152673791741716	-0.18890564593289305	-0.1943591733694392	-0.060852556735971675
P05783_GGMGSGGLATGIAGGLAGMGGIQNEK	KRT18	P05783	GGMGSGGLATGIAGGLAGMGGIQNEK	SRSTSFR.GGMGSGGLATGIAGGLAGMGGIQNEK.ETMQSIN	56	82	1.0	28.95024859164266	0.2520999472315033	0.18486340116012645	0.18666441991054583	-0.05882910388100626	-0.11091816463436643	-0.25440102569084644	-0.09636847985026176	-0.11850997658664042	-0.18519255915746857	0.05227729438039219
P05783_PVSSAASVYAGAGGSGSR	KRT18	P05783	PVSSAASVYAGAGGSGSR	APSYGAR.PVSSAASVYAGAGGSGSR.ISVSRST	28	46	0.9956	25.70295294365194	0.034924225440645884	0.18638905785155213	0.2277223098711154	-0.0563114392303099	-0.07358715322516218	-0.2913590612343988	-0.12759123702886566	-0.041425532694056244	-0.015339380972752004	0.07012219810473397
P05783_QAQEYEALLNIK	KRT18	P05783	QAQEYEALLNIK	TRAEGQR.QAQEYEALLNIK.VKIEAEI	359	371	0.9832	29.342277734598685	0.17632065185018497	0.21228748196441227	0.29097627474255994	-0.03199395167460928	-0.19317404276018202	-0.1516203409337038	-0.06727174293839422	0.026292729653421887	-0.2555235749428677	-0.13588615098643686
P05783_SLGSVQAPSYGAR	KRT18	P05783	SLGSVQAPSYGAR	TFSTNYR.SLGSVQAPSYGAR.PVSSAAS	15	28	0.9975	29.788394508036895	0.26594108047887843	0.2300236203814956	0.3380180542297886	-0.17956962226192985	-0.21708667249950153	-0.009782671722696534	-0.09187556832082766	-0.2122538946118837	-0.22251055702299016	0.0236874443189663
P05787_LSELEAALQR	KRT8	P05787	LSELEAALQR	IKDANAK.LSELEAALQR.AKQDMAR	353	363	0.9952	30.32301696140159	0.2773128153482496	0.2262578235530457	0.0837262600931048	-0.035107590391781685	-0.09735454778127917	-0.2490603284626225	-0.18540863512659644	-0.09729981438140456	-0.1522749250451083	-0.0025221278997413776
P05787_SLDMDSIIAEVK	KRT8	P05787	SLDMDSIIAEVK	ISMDNSR.SLDMDSIIAEVK.AQYEDIA	253	265	0.9862	24.05367596499068	0.42022968156812013	-0.09551613903608835	0.266010326249404	-0.2553156816887512	0.018013385907783785	-0.2857058442417362	0.012312881645965668	-0.2584699860891284	0.3243370752018686	-0.1550279519350788
P06576_SLQDIIAILGMDELSEEDK	ATP5F1B	P06576	SLQDIIAILGMDELSEEDK	KIIQDYK.SLQDIIAILGMDELSEEDK.LTVSRAR	433	452	0.9905	23.422843585817514	0.052510933114024994	-0.19344676249361203	-0.05783225440931261	-0.006232148733834819	0.00969360265275121	0.09613036897452254	-0.01920640786406569	-0.07001492305342794	0.03101718415072785	0.14683627202442828
P06576_VVDLLAPYAK	ATP5F1B	P06576	VVDLLAPYAK	IIVTGIK.VVDLLAPYAK.GGKIGIF	189	199	0.9912	27.22791052810635	0.1426835758329048	-0.049541683021948835	0.24514891114800008	0.006021535509294296	-0.016233767289673295	-0.12032809158607272	0.010587917285294957	-0.1299482734468107	-0.028652801701091413	-0.04770588395338393
P06748_LAADEDDDDDDEEDDDEDDDDDDFDDEEAEEK	NPM1	P06748	LAADEDDDDDDEEDDDEDDDDDDFDDEEAEEK	VPQKKVK.LAADEDDDDDDEEDDDEDDDDDDFDDEEAEEK.APVKKSI	158	190	1.0	24.166568264602798	0.08844109719058135	-0.5070770835247655	0.1816435128262457	0.024447224376665133	-0.2868571366545245	0.3226885533654782	0.12249478415470616	-0.31231960288494065	0.23979172963310624	0.2081167931599417
P06748_LAADEDDDDDDEEDDDEDDDDDDFDDEEAEEKAPVK	NPM1	P06748	LAADEDDDDDDEEDDDEDDDDDDFDDEEAEEKAPVK	VPQKKVK.LAADEDDDDDDEEDDDEDDDDDDFDDEEAEEKAPVK.KSIRDTP	158	194	1.0	26.479061741934526	0.09768949413275951	-6.487461062452127E-4	-0.020008851988444043	-0.0923161134668975	-0.06221651160743935	-0.014215346629049996	-0.06869818184614296	-0.06364853458629671	0.0	0.09040506153177308
P06748_MTDQEAIQDLWQWR	NPM1	P06748	MTDQEAIQDLWQWR	YVKNCFR.MTDQEAIQDLWQWR.KSI	278	292	0.9863	24.389506070174168	0.15250367522853026	-0.03650636789746731	0.08964110818705073	-0.1948575874520877	0.15589850605170064	-0.2657334911711118	0.15810448751380068	-0.09224746936870609	0.056260248451150296	-0.12664346835204832
P06748_VTLATLK	NPM1	P06748	VTLATLK	YEGSPIK.VTLATLK.MSVQPTV	74	81	0.9195	29.020882557051397	0.21464068431745176	0.07245886769205345	0.14191177588546822	0.028814619941226027	-0.04578532481337305	-0.1567287312434118	-0.04856080818427788	-0.09415036762456452	-0.08728901774462461	-0.11099164410675044
P07237_ALAPEYAK	P4HB	P07237	ALAPEYAK	PWCGHCK.ALAPEYAK.AAGKIKA	58	66	0.965	26.731281960286204	0.21255006680497956	0.14902746498427266	0.18891899625017317	-0.03960123384351988	-0.04809711036293507	-0.22870844816905134	-0.16207766908279542	-0.15005856581778332	-0.14073097838269266	0.06549888459296227
P07437_ALTVPELTQQVFDAK	TUBB	P07437	ALTVPELTQQVFDAK	RGSQQYR.ALTVPELTQQVFDAK.NMMAACD	283	298	0.9754	26.093465282255018	-0.28592950741160195	-0.46419658275144027	-0.4782326893022546	0.04541419590477602	0.1368505909468034	0.0015388127059559054	0.35939201635632667	0.19886382675336378	0.13872831802123375	-0.02458891038554256
P07437_FWEVISDEHGIDPTGTYHGDSDLQLDR	TUBB	P07437	FWEVISDEHGIDPTGTYHGDSDLQLDR	GNQIGAK.FWEVISDEHGIDPTGTYHGDSDLQLDR.ISVYYNE	20	47	0.9967	23.824911009752583	-0.10263160778088398	-0.0665386496958762	0.0	0.0691653769878009	-0.14151573102959603	0.09659833509610394	-4.2520095882903064E-4	-0.03412683042522602	0.14696294595232917	0.10327247780235282
P07737_TFVNITPAEVGVLVGK	PFN1	P07737	TFVNITPAEVGVLVGK	WAAVPGK.TFVNITPAEVGVLVGK.DRSSFYV	39	55	0.9974	26.00255645634184	-0.3897273791127027	-0.5364286565973577	-0.20703349763316226	-0.02763375628558684	0.0637863812734345	-0.273250404331991	0.43534124937433294	0.2337936330310324	0.46224529666524194	-0.0615010020030784
P07900_GVVDSEDLPLNISR	HSP90AA1	P07900	GVVDSEDLPLNISR	EYINFIR.GVVDSEDLPLNISR.EMIQQSK	387	401	0.9998	24.166045141515166	-0.16398280469612203	-0.38336469760771674	-0.19379750540552898	-0.10835640549016645	0.08144822610428193	0.07051195442510583	0.31992837874781355	0.07501937409469761	0.3044009704928845	-0.0456453234326375
P07910_MESEGGADDSAEEGDLLDDDDNEDRGDDQLELIKDDEK	HNRNPC	P07910	MESEGGADDSAEEGDLLDDDDNEDRGDDQLELIKDDEK	KDETNVK.MESEGGADDSAEEGDLLDDDDNEDRGDDQLELIKDDEK.EAEEGED	251	289	1.0	25.131031166564902	0.0642359411513933	-0.17792066493746805	-0.6015088138975786	-0.05964319155174458	0.0892975135849099	0.4243010653925907	-0.04253722116289804	0.046912709590872126	3.4536677941066074E-4	0.03411962973366478
P07910_MIAGQVLDINLAAEPK	HNRNPC	P07910	MIAGQVLDINLAAEPK	VAGEDGR.MIAGQVLDINLAAEPK.VNRGKAG	74	90	0.9827	27.361719345295302	0.07694342439898971	0.0	0.15123179168127088	-0.054616039630132285	0.06522083802950718	-0.08744985848498832	0.011612004544111265	-0.1347359792995988	0.01541358566660378	-0.027701959351089656
P08195_GENSWFSTQVDTVATK	SLC3A2	P08195	GENSWFSTQVDTVATK	DITPNYR.GENSWFSTQVDTVATK.VKDAIEF	314	330	0.9747	22.85936409463726	-0.07780683240294017	-0.029903525250969842	0.0452023614975694	0.05373430705631499	-0.0793282319880717	-0.08074785898387304	-0.03506409599927185	0.09883248287061974	0.1134554441565152	0.01013543955612839
P08670_DGQVINETSQHHDDLE	VIM	P08670	DGQVINETSQHHDDLE	IKTVETR.DGQVINETSQHHDDLE.	451	467	0.9587	28.300569295898693	-0.09667411020949324	0.1164953768273671	0.2970197714491061	-0.061431247387526255	-0.0719114313141258	0.17800728937730703	-0.1255574330280771	0.0020677765654735225	-0.13484426257135862	0.009878699165520644
P08670_FANYIDK	VIM	P08670	FANYIDK	IQEINDR.FANYIDK.VRFIEQQ	114	121	0.9109	27.308351959310045	-0.1433908201583982	-0.23640394298861533	-0.3104059421880869	0.24295824584309855	0.07522558305120342	-0.35271465741224617	0.14787562821329114	0.034719621814346624	0.18346993863705574	0.014729328979942835
P08670_QVDQLTNDK	VIM	P08670	QVDQLTNDK	EMREIRR.QVDQLTNDK.ARVEVER	160	169	0.9652	26.77887748149642	-0.14285304205744254	-0.29350167369686897	-0.11064676654507721	0.08997261354803499	0.0953212690703964	0.21845456639502814	0.0022200559571947664	0.008549685152104303	0.1657529614582236	0.023893018277320266
P08670_TYSLGSALRPSTSR	VIM	P08670	TYSLGSALRPSTSR	YVTTSTR.TYSLGSALRPSTSR.SIYASSP	37	51	0.9936	27.085344902004657	0.01984798254244069	-0.2858735479687313	-0.1808858660538899	0.15536497934066062	0.11381575497996721	1.9373246285248058E-4	0.06558404159176501	0.09257567102588382	-0.15442978557305498	-0.04942416634862923
P08670_VESLQEEIAFLK	VIM	P08670	VESLQEEIAFLK	RIDIERK.VESLQEEIAFLK.KIHEEEI	224	236	0.9924	25.821418577641655	-0.4321308208478847	-0.19419897420757426	-0.5445345418891314	0.22110441295907535	-0.08211157528714175	0.11424757151015896	0.1269206470467834	0.41921535936622867	-0.33139446385913995	0.08715773274199279
P08670_VESLQEEIAFLKK	VIM	P08670	VESLQEEIAFLKK	RIDIERK.VESLQEEIAFLKK.LHEEEIQ	224	237	0.9987	24.202293645096923	-0.3177671603554977	-0.13620404752372917	0.24943898179291146	0.26823791192955326	-0.07258988842971092	-0.2096168024558125	0.12126842154590545	0.0023908941641508363	0.24063370345417479	-0.13572799279532433
P09211_FQDGDLTLYQSNTILR	GSTP1	P09211	FQDGDLTLYQSNTILR	IYGQIPK.FQDGDLTLYQSNTILR.HIGRTIG	56	72	0.9999	25.016084811876336	-0.46788573951590173	-0.3931520345190904	-0.3108552583592674	0.04400767617245105	1.938349348238333E-4	-0.08052661127454375	0.31301088899847684	0.2607299825612239	0.2826851934728518	0.04411946455218452
P09661_LTAELIEQAAQYTNAVR	SNRPA1	P09661	LTAELIEQAAQYTNAVR	MVK.LTAELIEQAAQYTNAVR.DREIDIR	4	21	0.9995	22.809803805197014	-0.038066223795022225	-0.32623154340355054	-0.12155539824391148	0.013607615245653903	0.09982425283572383	-0.19185462552131938	0.11055990598939669	0.17372318478463278	-0.10209894024859967	0.11122270620648322
P09874_MVDPEKPQLGMIDR	PARP1	P09874	MVDPEKPQLGMIDR	QVRISKK.MVDPEKPQLGMIDR.WYHPGCF	143	157	0.9595	22.26573490207143	0.03315702795327091	0.03865727815125819	0.13935421239093237	0.0032129490307788444	-0.01768905241863372	-0.04574828485712601	-0.11012280222662962	0.10396915120509043	-0.10130502753891246	-0.059521177706646
P0DMV8_STLEPVEK	HSPA1A	P0DMV8	STLEPVEK	ICSDIFR.STLEPVEK.AIRDAKI	312	320	0.9809	24.56914964648278	0.19456674899234727	0.22308517331779942	0.1509449273893324	-0.05891422885469666	-0.1780043787676071	-0.09388140356920616	-0.09436688286957651	0.03436339369244479	-0.417217799682839	-0.013662562078156526
P0DMV8_TTPSYVAFTDTER	HSPA1A	P0DMV8	TTPSYVAFTDTER	ANDQGNR.TTPSYVAFTDTER.LIGDAAK	37	50	0.9576	25.245791438912377	-0.690015046237944	-0.6769340740284884	-0.14225017271260576	0.028908924885731935	0.09095865662480662	-0.09712442024933132	0.3721983032167371	0.34970689756686646	0.5222842574817319	-0.06193904659911276
P0DPH7_TIGGGDDSFNTFFSETGAGK	TUBA3C	P0DPH7	TIGGGDDSFNTFFSETGAGK	GQMPSDK.TIGGGDDSFNTFFSETGAGK.HVPRAVF	41	61	0.9997	28.36626593549744	-0.4294141614056777	-0.6136522353168443	-0.3547499003057908	-0.01008952252371742	0.17965384588991995	0.1198134991176012	0.2938690321802282	0.247464351000108	0.2797051825683452	0.027131502470627566
P10768_SYPGSQLDILIDQGK	ESD	P10768	SYPGSQLDILIDQGK	DATHIVK.SYPGSQLDILIDQGK.DDQFIID	210	225	0.9779	21.778138250782128	-0.3577681348603221	-0.31265487577696494	-0.041328909107274825	0.1946500565359699	-0.06820177361794855	-0.06516809528520007	0.2042567442628025	0.1728063835372904	0.06906577110149481	0.050367390856058236
P10809_GYISPYFINTSK	HSPD1	P10809	GYISPYFINTSK	EGMKFDR.GYISPYFINTSK.GQKCEFQ	222	234	0.9163	25.874895276302922	0.12798608528125044	0.1470932701231975	-0.2165204687530906	-0.08845754844379883	0.019100550903566216	0.0885849437773345	-0.0506201340857908	-0.05584162088318578	-0.15924153606689462	0.015174396070257501
P10809_IQEIIEQLDVTTSEYEK	HSPD1	P10809	IQEIIEQLDVTTSEYEK	KAQIEKR.IQEIIEQLDVTTSEYEK.EKINERI	371	388	0.9844	25.673411661542637	0.20077101412146803	0.05101148500066177	0.16369108707749902	-0.1372653509741042	0.037761885373253534	-0.0017587595411363566	-0.006175680483367252	-0.1802039671452178	-0.23020437569704288	0.018993364273647728
P10809_ISSIQSIVPALEIANAHR	HSPD1	P10809	ISSIQSIVPALEIANAHR	VIISEKK.ISSIQSIVPALEIANAHR.KPIVIIA	251	269	0.9993	24.09513252587434	-0.06805283606217927	-0.08149426205337829	0.21861098268092327	0.04318884114618804	0.04709297224433051	0.1077987696064433	0.03590470540481139	-0.08882917221013287	-0.08258915570874681	-0.04764448028662649
P10809_TALLDAAGVASLLTTAEVVVTEIPK	HSPD1	P10809	TALLDAAGVASLLTTAEVVVTEIPK	DPTKVVR.TALLDAAGVASLLTTAEVVVTEIPK.EEKDPGM	527	552	0.9997	23.377949835387103	0.4057730982260921	-0.530079634506456	0.8051810030107163	0.11345471388860062	-0.5928205446980357	0.30243923718420973	0.0734510042032559	-0.7162121609869363	0.09144444153581421	-0.006286152584452864
P10809_TLNDELEIIEGMK	HSPD1	P10809	TLNDELEIIEGMK	ITVKDGK.TLNDELEIIEGMK.FDRGYIS	206	219	0.981	24.667506283770663	-0.13069530664899176	0.4565533970525104	-0.2263291984699798	0.22145462363660684	-0.41656175064087897	0.01039109066063304	-0.358406968381046	0.10988734283731816	-0.39539347479792664	0.16265155695385047
P11021_IEWLESHQDADIEDFK	HSPA5	P11021	IEWLESHQDADIEDFK	EKAVEEK.IEWLESHQDADIEDFK.AKKKEIE	602	618	0.9975	25.53163759811856	-0.14349783065366495	0.049873495411152824	-0.14890970545643256	0.018762333505641493	-0.06089479824359145	0.21426127210828483	-0.1880613565315885	0.21478565119919324	-0.3181773936649259	0.15309256033226148
P11142_GTLDPVEK	HSPA8	P11142	GTLDPVEK	INADIFR.GTLDPVEK.AIRDAKI	312	320	0.9004	24.474164405472973	-0.04391089557314132	0.023412972028016732	-0.12008093721962965	0.019978200893469023	-0.07749200730222228	-0.05472011246056141	0.056790180211012675	0.0461590970221053	-0.13190703709722928	0.10727018402422672
P11177_IMEGPAFNFLDAPAVR	PDHB	P11177	IMEGPAFNFLDAPAVR	GAEICAR.IMEGPAFNFLDAPAVR.VTGADVP	309	325	0.9947	22.43308136735277	0.19073826715086817	0.12043601097768164	-0.008672099827874646	-0.1023845006249342	-0.011736652086455024	0.08173353028615082	0.02515917736018647	-0.24492524858736786	0.017352226240201496	-0.07420395334554364
P12956_NIPPYFVALVPQEEELDDQK	XRCC6	P12956	NIPPYFVALVPQEEELDDQK	CRYTPRR.NIPPYFVALVPQEEELDDQK.IQVTPPG	405	425	0.999	24.722807228021182	-0.1360355073367252	-0.2085022622321544	0.0347287894327053	-0.0334639683884852	0.056635553186621834	0.01060949367374775	0.13347979530949505	0.04696775025467481	0.04802829782680984	0.05355830311589216
P13010_YAPTEAQLNAVDALIDSMSLAK	XRCC5	P13010	YAPTEAQLNAVDALIDSMSLAK	SIKNSKK.YAPTEAQLNAVDALIDSMSLAK.KDEKTDT	444	466	0.9926	21.61921762039437	0.05244865029031942	0.14541636639639766	0.1628473751510029	0.02921693315842866	-0.0337065841803188	0.010291948286109687	-0.1961803014585639	-0.2043285789164173	0.026622812050487887	0.04790983255563397
P13796_ISFDEFIK	LCP1	P13796	ISFDEFIK	DIDQDGR.ISFDEFIK.IFHGIKS	69	77	0.9481	21.5008135054099	-1.0498592011697614	-1.0096151737099737	-0.9108170259480293	0.1821710035779489	0.291614147981786	0.0314340514281497	0.48992024465243045	0.36811846581643337	0.5654575464811762	-0.08128219930756231
P13804_SDRPELTGAK	ETFA	P13804	SDRPELTGAK	IDQKITK.SDRPELTGAK.VVVSGGR	207	217	0.9804	23.000841031398014	-0.026075650912520842	0.07682397989064516	0.09483108102755367	-0.09797583763416995	-0.009295405122752953	0.04574662717163136	-0.05070454104560884	-0.0103610039802291	0.058198103816521574	0.0035006619701114516
P13995_LVGDVDFEGVR	MTHFD2	P13995	LVGDVDFEGVR	PVTAKPK.LVGDVDFEGVR.QKAGYIT	289	300	0.9995	22.867488534584332	-0.002996264601680565	0.04515950097437926	0.09859833901715653	-0.11262537389103144	0.07427904603481039	0.056181321240590165	0.050286872628105606	-0.02648733958191407	-0.09050815141833102	-0.07178509174866932
P14618_AEGSDVANAVLDGADCIMLSGETAK	PKM	P14618	AEGSDVANAVLDGADCIMLSGETAK	KKPRPTR.AEGSDVANAVLDGADCIMLSGETAK.GDYPIEA	343	368	1.0	27.10044703335468	-0.47045503825415125	-0.6761146250638914	-0.6764245798226876	0.07400724002634895	0.14463807922826888	0.08443318954404333	0.3304465897287159	0.2596335465155848	0.43332627306561555	-0.00657977208333449
P14618_LAPITSDPTEATAVGAVEASFK	PKM	P14618	LAPITSDPTEATAVGAVEASFK	IFEEIRR.LAPITSDPTEATAVGAVEASFK.CCSGAII	401	423	0.9987	27.754528551145707	-0.6030049764030352	-0.6357432836709656	-0.4715194851256399	0.07009036712192529	0.1045463423763513	0.08251277979985527	0.38728661008064513	0.2669052965505134	0.42368060386370043	-0.021600192033581322
P14625_SILFVPTSAPR	HSP90B1	P14625	SILFVPTSAPR	EGEVTFK.SILFVPTSAPR.GIFDEYG	385	396	0.9992	27.07161376723083	0.22950731380696965	0.07455419625547766	0.16425814175564923	-0.0977840494470179	-0.06261840225914383	-0.16375128762040703	-0.027910608669533765	-0.08179825936045049	-0.12011576821374792	-0.010916490954937075
P14625_TDDEVVQR	HSP90B1	P14625	TDDEVVQR	KSREGSR.TDDEVVQR.EEEAIQI	44	52	0.9359	26.435918813889764	0.04977239521570098	0.035073905842499364	-0.02443966278692855	-0.14248791282378548	-0.01888483247840611	0.3007284750537593	-0.07321128505143992	0.019614059645892468	-0.10098736802418262	0.004551762158570227
P15311_QLFDQVVK	EZR	P15311	QLFDQVVK	QPNTTGK.QLFDQVVK.TIGIREV	28	36	0.9801	25.345515503681316	-0.46961956807254523	-0.48133237941745843	-0.5055230402234905	0.0911898741511159	0.14753459982578931	0.030274370931426375	0.2895520637928142	0.2992427584801405	0.2903394900653593	-0.056526749004152776
P16615_ANACNSVIK	ATP2A2	P16615	ANACNSVIK	GISKIER.ANACNSVIK.QIMKKEF	468	477	0.9852	23.601575110836404	-0.08968595936538293	0.05139038563491827	0.07812470095575819	0.017749652377425207	-0.04048119428031782	-0.0987768515005385	0.06879299302380826	0.04951192169635732	-0.08329889005126123	-0.01796067441844329
P17096_SSQPLASK	HMGA1	P17096	SSQPLASK	MSESSSK.SSQPLASK.QEKDGTE	8	16	0.9611	26.957149587642913	0.2143548548951344	-0.016310812258910623	0.11462649302935546	0.008429751739267743	0.03971986205847955	-0.16648515473522707	-0.07046771000863306	-0.0773510267585209	-0.14487996344153675	-0.02858026661542823
P17844_TIVFVETK	DDX5	P17844	TIVFVETK	MSEKENK.TIVFVETK.RRCDEIT	344	352	0.927	24.311669005905948	-0.07724307882217829	-0.038874113550625644	-0.03141956108155597	0.13764946065183636	-0.025602833891255727	0.10476759142610703	-0.020397145118701054	-0.042734704504201915	-0.1549099532378948	0.06949506238034076
P19338_FGYVDFESAEDLEK	NCL	P19338	FGYVDFESAEDLEK	RIGMTRK.FGYVDFESAEDLEK.AIEITGI	349	363	0.9475	21.2238598794829	-0.2790130509143207	0.07352247063955186	-0.32846028837354524	0.0949162269949202	-0.0024998870796153483	0.14498367403223433	-0.013421785839075717	0.21666329190740008	-0.0555834836129927	-0.04075890606612376
P19338_KEDSDEEEDDDSEEDEEDDEDEDEDEDEIEPAAMK	NCL	P19338	KEDSDEEEDDDSEEDEEDDEDEDEDEDEIEPAAMK	KNGKNAK.KEDSDEEEDDDSEEDEEDDEDEDEDEDEIEPAAMK.AAAAAPA	142	177	0.9996	26.886178421219128	0.09240292657499438	-0.06131401151599558	0.24711075037916785	0.08441957239586984	0.3127538653895847	-0.025282473770154468	-0.12250228856443446	-0.25412360879364826	-0.07976165230123389	-0.2202188057270078
P19338_TGISDVFAK	NCL	P19338	TGISDVFAK	KSAPEIK.TGISDVFAK.NDIAVVD	325	334	0.9709	27.73767616286096	-0.022091203849601726	-0.08129567058150666	-0.03874661421370362	0.00924999486792899	0.07551112034277452	-0.10511541151772619	0.06848056027784732	0.033019810796758975	0.012923749603550583	-0.024420825560600434
P22087_ANCIDSTASAEAVFASEVK	FBL	P22087	ANCIDSTASAEAVFASEVK	HFVISIK.ANCIDSTASAEAVFASEVK.KMQQENM	266	285	0.9996	23.26696336782058	-0.04783767031352326	-0.04285959188932775	-0.021394040002103765	0.01981939697816415	0.018644447788798146	0.17859325905883594	0.07954131060722158	-0.10561524727127036	0.04548400150283438	-0.055075300763959945
P23246_GIVEFASK	SFPQ	P23246	GIVEFASK	RGRSTGK.GIVEFASK.PAARKAF	414	422	0.9444	26.05002821676833	0.19154524692893915	0.10129363585364803	0.12647073439808665	0.011939408496544957	0.02789254949386688	-0.18736702574219777	-0.09183851884260807	-0.09633719586243927	-0.22829022913676855	-0.03536777384078249
P25705_ELIIGDR	ATP5F1A	P25705	ELIIGDR	PIGRGQR.ELIIGDR.QTGKTSI	208	215	0.9214	26.79147322777825	0.11250623817460337	0.07399739578877362	0.11710558592162101	0.029450873287242274	-0.06325812963400779	-0.08031384764199245	-0.041081083768774285	-0.11412123999723178	-0.0037399125774202346	-0.03881469846115593
P25705_VVDALGNAIDGK	ATP5F1A	P25705	VVDALGNAIDGK	GEEIIGR.VVDALGNAIDGK.GPIGSKT	150	162	0.9999	26.634040425047708	-0.017093599046535957	0.0058580678092789995	0.22864867472390316	0.03431014878735894	-0.12734923827044042	-0.024419240052591107	0.012280735183732183	-0.0662420880781589	0.029008024387510822	0.006273426486263389
P27348_QTIDNSQGAYQEAFDISK	YWHAQ	P27348	QTIDNSQGAYQEAFDISK	ACGDDRK.QTIDNSQGAYQEAFDISK.KEMQPTH	140	158	0.9984	23.193903426373584	-0.24171388879169342	-0.25550202896226804	-0.44447009636470725	0.09047420807887718	0.049631794900818704	0.29823450807949214	0.1633009103614418	0.1642243088757276	0.3038736007428957	-0.20207400204846593
P27824_AEEDEILNRSPR	CANX	P27824	AEEDEILNRSPR	EEDRKPK.AEEDEILNRSPR.NRKPRRE	574	586	0.9995	26.375952864656725	0.32068799647240454	0.24507485167545884	0.39066419461410007	-0.15727048152462686	-0.07789284063454005	-0.44948006337183166	-0.15683124883931843	-0.13036028264512467	-0.23530937270201502	-0.03590815248914936
P27824_DDTDDEIAK	CANX	P27824	DDTDDEIAK	IISKAKK.DDTDDEIAK.YDGKWEV	91	100	0.9846	27.114595475000883	0.020217176786328395	0.0534656501531936	0.19494936194244872	-0.07005181962004059	-0.05465439484090595	-0.058822912779266545	-0.08448706455605137	-0.054492799129835845	0.11373924725917828	0.037610688283706395
P30084_AQFAQPEILIGTIPGAGGTQR	ECHS1	P30084	AQFAQPEILIGTIPGAGGTQR	IIYAGEK.AQFAQPEILIGTIPGAGGTQR.LTRAVGK	158	179	0.9997	25.16599553201513	0.1784184035086529	0.14910556107957706	0.011311676202597098	-0.09965615781711712	0.19825085360375816	-0.027001206166973546	-0.15518164908054022	-0.14592411243422987	-0.2197394181861645	-0.05658874397942526
P30101_VDCTANTNTCNK	PDIA3	P30101	VDCTANTNTCNK	GIVPIAK.VDCTANTNTCNK.YGVSGYP	83	95	0.9693	25.785936837384458	-0.01371071980046068	0.01696867577539596	-0.08420515035927068	-0.02441531890250559	0.11170336876778464	0.05233626784923828	-0.06451667567806485	0.0018956119880471078	-0.04388464223479627	0.001622850147292354
P30838_HLTPVTLELGGK	ALDH3A1	P30838	HLTPVTLELGGK	IMTAAAK.HLTPVTLELGGK.SPCYVDK	203	215	0.9779	22.72142238800364	-0.13658700735165574	-0.29748837113238746	-0.2263228238273225	0.05475507852833772	0.06943343412401859	-0.04673135215505475	0.16379711614840264	0.21845427179919596	0.08728561252821354	-0.05115460811062178
P31942_GMGGHGYGGAGDASSGFHGGHFVHMR	HNRNPH3	P31942	GMGGHGYGGAGDASSGFHGGHFVHMR	DRMRDGR.GMGGHGYGGAGDASSGFHGGHFVHMR.GIPFRAT	175	201	0.9999	26.19079231278683	-0.12371805536268354	-0.05635293807680686	0.03303692082993237	-0.0020845823917436945	0.019782240036712473	0.1397863970840385	0.0	-0.031152822421528725	0.10103851010532683	0.009424221822198042
P33992_LQPFATEADVEEALR	MCM5	P33992	LQPFATEADVEEALR	EAISKMK.LQPFATEADVEEALR.LFQVSTI	628	643	0.997	21.68916753726353	-0.18062186087050058	-0.14143807443011003	-0.19195288675111577	0.08034144687957578	-0.3204610519351707	0.12454751696421162	0.1371074247200914	0.29702369515773874	0.3862110836154917	-0.18284842378178645
P35232_AAELIANSLATAGDGLIELR	PHB1	P35232	AAELIANSLATAGDGLIELR	SAEGDSK.AAELIANSLATAGDGLIELR.KIEAAED	220	240	0.9999	24.223664621202797	-0.10316058015438756	0.062292337999729774	0.483022703175493	-0.08854866366210956	-0.09180320028007216	0.10223739025930456	-0.015646537854574483	0.049587589045991365	-0.12994949069099615	-0.11645733618612653
P35268_ITVTSEVPFSK	RPL22	P35268	ITVTSEVPFSK	IERSKSK.ITVTSEVPFSK.RYIKYIT	70	81	0.9027	23.608774105500036	0.26310088230618867	0.01860696478007373	0.09210878180712356	-0.11514309485996144	-0.07285579982772461	-0.21577537868997432	-0.02103248317332085	-0.0653825021392791	0.09705112995093312	-0.033880221244396935
P35637_EFSGNPIK	FUS	P35637	EFSGNPIK	IDWFDGK.EFSGNPIK.VSFATRR	358	366	0.9827	25.783786691405844	0.012138657599614078	0.08514275558166506	-0.04787438872876848	0.057997652481702744	0.041386292709756134	-0.15883276186708528	0.03624667935485615	-0.03214302452800055	-0.12969564003877654	-0.041948973124586786
P36542_NASEMIDK	ATP5F1C	P36542	NASEMIDK	AMDNASK.NASEMIDK.LTITFNR	263	271	0.9725	23.488954774611837	-0.060767468597550334	0.0016735521861592773	0.13996431048834346	-0.031117584657820885	-0.055513018225287425	-0.014963888220947297	-0.046384771913989375	-0.04997804845785225	0.1337287038862831	0.08278582634447318
P36542_THSDQFLVAFK	ATP5F1C	P36542	THSDQFLVAFK	IRGIIYR.THSDQFLVAFK.EVGRKPP	144	155	0.9148	23.72916069796167	-0.013416651109178446	0.17576858773377158	-0.007627574588290997	0.0	-0.11713703866680092	-0.10637778639860507	-0.051058348621716654	-0.03079489296313298	-0.05551820224329429	0.09205146131770547
P36578_IEEVPELPLVVEDK	RPL4	P36578	IEEVPELPLVVEDK	VMSKGHR.IEEVPELPLVVEDK.VEGYKKT	144	158	0.9962	26.328378200992724	0.044576650757878866	0.09094223580228356	-0.047300104926675246	-0.022335696897920698	-0.10725575923896358	-0.07901037296573854	-0.0015186607170329935	0.0	-0.03370608596197844	0.06070306133485026
P36578_NVTLPAVFK	RPL4	P36578	NVTLPAVFK	KGESSGK.NVTLPAVFK.APIRPDI	21	30	0.9958	24.91599512366354	0.09030442551021167	0.060451743210898634	0.026553529639549822	-0.017740667092262186	-0.07357542654298399	-0.09705989908668045	-0.005211128486636518	-0.06674531522603644	-0.025679302641099078	0.04447526395804857
P37802_ENFQNWLK	TAGLN2	P37802	ENFQNWLK	GRPQPGR.ENFQNWLK.DGTVICE	50	58	0.9767	25.365194474027483	-0.8022588869476159	-0.7359378691258156	-0.6925494320083594	0.23480276554909807	0.0823331911462617	0.04308676016178836	0.3529707483347151	0.4212976436561391	0.25424374548086615	0.06405023472946425
P37837_MESALDQLK	TALDO1	P37837	MESALDQLK	SPVKRQR.MESALDQLK.QFTTVVA	11	20	0.9948	21.753415905291746	-0.3839396706784086	-0.45333963846637726	-0.42018275349100875	0.09734833443394209	0.07468323335111293	0.06714063440182017	0.2639421263803241	0.2405123420311206	0.18919786617786993	0.03452734841291516
P38646_CELSSSVQTDINLPYLTMDSSGPK	HSPA9	P38646	CELSSSVQTDINLPYLTMDSSGPK	EAAEKAK.CELSSSVQTDINLPYLTMDSSGPK.HINMKIT	317	341	0.9994	24.14549402929426	0.2148152163641477	0.07701725150039085	-0.04864914339553472	-0.007341464805302067	-0.005683054373868401	0.05384318205632965	0.007643776571396366	-0.13205008855649858	-0.0790475994050519	-0.15187495540840423
P38646_ETGVDLTK	HSPA9	P38646	ETGVDLTK	IVKEFKR.ETGVDLTK.DNMAIQR	293	301	0.9795	25.543793742181332	0.392502474680807	0.21169350955443367	-0.16483029887947254	-0.13898767917678612	-0.025971274407861955	-0.058768151918556555	-0.18463077204655765	-0.14746284583793212	-0.31831151253246137	0.052396161886559156
P38646_VQQTVQDLFGR	HSPA9	P38646	VQQTVQDLFGR	GMTRMPK.VQQTVQDLFGR.APSKAVN	395	406	0.9985	26.51801933829509	0.2536678202272178	0.04743259132574895	-0.06889312956324822	-0.0634133660334264	-0.03302956329673279	-0.042477217130869604	-0.12804254155164063	-0.14091366035316	0.0033895414011828606	0.07217989055366303
P39019_VLQALEGLK	RPS19	P39019	VLQALEGLK	SKSVARR.VLQALEGLK.MVEKDQD	103	112	0.9712	26.05079928424452	0.14218533506128495	-0.013264235792912693	0.033999982066745815	-0.10651875540256839	-0.07765405707118589	-0.1949380806986305	0.09382787004845294	0.06161224082287475	-0.001993011468251815	-0.03461875989704666
P39687_SLDLFNCEVTNLNDYR	ANP32A	P39687	SLDLFNCEVTNLNDYR	KKIENIK.SLDLFNCEVTNLNDYR.ENVFKII	117	133	0.9949	25.168661880584448	0.10731266294339115	0.11280417858005176	0.13790993636556514	-0.04569889547288497	-0.052656455067527475	-0.38844344580744306	-0.17482306860240815	-0.050512467337330946	0.11596640405930447	0.11552002963011354
P40926_IFGVTTLDIVR	MDH2	P40926	IFGVTTLDIVR	GVYNPNK.IFGVTTLDIVR.ANTFVAE	166	177	0.9944	26.965878800729328	0.20949738160392783	0.08926050629467586	-0.02917965466247807	0.029002043427400537	-0.04829441659704159	-0.170969837893578	-0.06752843823256871	-0.05224061693304094	-0.13710496334692213	-0.017533722287470965
P40926_IQEAGTEVVK	MDH2	P40926	IQEAGTEVVK	ITAITGR.IQEAGTEVVK.AKAGAGS	230	240	0.9889	26.790439905111317	0.11250135700791475	0.14969332591999507	-0.031203268764976144	-0.013062695339446151	-0.040446465193056724	-0.06112951056141114	0.00970176954966373	-0.03636847171565094	-0.167778371211857	-0.06810775287701887
P40939_MQLLEIITTEK	HADHA	P40939	MQLLEIITTEK	YFSPVDK.MQLLEIITTEK.TSKDTSA	506	517	0.924	22.672303692072994	0.08521763965032925	-0.1564520878491349	0.06397680768040459	0.06464732230011982	-0.07641441488009093	0.04995338987131248	-0.2150015466741051	0.06639781650249077	-0.09146395121394857	0.16059232513658195
P42704_GETDLIQK	LRPPRC	P42704	GETDLIQK	ICKIVEK.GETDLIQK.AMDFVSQ	869	877	0.9774	25.06877708543212	0.22708257428404366	0.2120419849779447	0.11446433282640811	0.017747493570347217	-0.0039168528759851995	-0.1840071821241942	-0.12253413795729262	-0.0860715858626584	-0.28914913497926786	-0.12273185690942157
P43243_GDADQASNILASFGLSAR	MATR3	P43243	GDADQASNILASFGLSAR	PISSQHR.GDADQASNILASFGLSAR.DIDEISR	103	121	1.0	24.476866279719793	0.03458138788396248	0.04617560373473584	0.3303108371138421	0.169668854676571	0.1215691050024379	-0.13547927179850738	-0.1480391567698165	-0.14931415809508763	-0.029331961444442278	-0.23492503174697177
P46940_VDQIQEIVTGNPTVIK	IQGAP1	P46940	VDQIQEIVTGNPTVIK	QEEIKSK.VDQIQEIVTGNPTVIK.MVVSFNR	1038	1054	0.979	22.549227638110168	-0.2893764692408425	-0.13348339535439724	0.15230327266787214	-0.05706281752394737	0.12554041901129587	0.09672980980688806	0.04467616156206322	0.008955218461315084	0.4903444159444321	-0.1858524718575847
P49411_TIGTGLVTNTLAMTEEEK	TUFM	P49411	TIGTGLVTNTLAMTEEEK	TIRDGNR.TIGTGLVTNTLAMTEEEK.NIKWG	433	451	0.9991	23.804795051419774	-0.0056002807897517215	0.019794903045652568	0.1603061873509688	0.05295954765315258	-0.08907856776799683	-0.2610232010847273	-0.0636002415739112	-0.029070538495016507	-0.10097289724496594	0.17056915089712632
P49411_YEEIDNAPEER	TUFM	P49411	YEEIDNAPEER	GGAKFKK.YEEIDNAPEER.ARGITIN	95	106	0.9866	25.03701869412069	0.061528594650592794	0.12919246621832858	-0.17969546364208355	-0.03897979696975895	0.0029941257535490706	0.11447568282629561	-0.08805476884942909	-0.04274741398222659	-0.025986500579350924	-6.019666934733436E-4
P49773_IIFEDDR	HINT1	P49773	IIFEDDR	RKEIPAK.IIFEDDR.CIAFHDI	31	38	0.92	22.330261710674154	-0.5051074005132712	-0.36028344685496183	-0.6237377096592915	0.005675426984623755	0.15725088881737115	0.1901503149377124	0.3353234535281997	0.1655037971487534	0.31849526720397936	-0.016067717514824054
P51148_GAQAAIVVYDITNTDTFAR	RAB5C	P51148	GAQAAIVVYDITNTDTFAR	IAPMYYR.GAQAAIVVYDITNTDTFAR.AKNWVKE	93	112	0.9998	22.172110270018855	0.0	0.2145575059851721	0.48548285940170643	-0.1550963974031223	-0.10855788435598157	-0.44158602279155446	-0.03484545058152211	0.11040227692329019	-0.38823639628354467	0.026504109855416402
P51148_LVLLGESAVGK	RAB5C	P51148	LVLLGESAVGK	NKICQFK.LVLLGESAVGK.SSIVIRF	24	35	0.9995	22.47649163899539	-0.013124062670481607	0.029759940322546363	-0.24000028981090082	-0.00726340589814356	0.019802651547291106	-0.024240574735351572	-0.04749835855760853	0.13005940746703004	-0.04628832508249925	0.03188232069780739
P51991_WGTLTDCVVMR	HNRNPA3	P51991	WGTLTDCVVMR	IREHFEK.WGTLTDCVVMR.DPQTKRS	58	69	0.9753	25.491934745127903	-0.12032783083272491	-0.1255833763010079	0.22932942535131318	0.07683792527590327	-0.024366216722793155	0.2398488787648958	-0.08199420354675357	-0.09158123796219186	0.05599495325683801	0.03252716746168005
P52815_LVESLPQEIK	MRPL12	P52815	LVESLPQEIK	NIVQAKK.LVESLPQEIK.ANVAKAE	164	174	0.9826	24.71479158475005	0.14642302295573018	0.20243098420571304	-0.03743689417551366	-0.05692974795995198	-0.05233881319279021	-0.12193653759322842	-0.1373973071850907	-0.19027604249764352	0.12558453184445906	0.05024949953303448
P54819_NGFLLDGFPR	AK2	P54819	NGFLLDGFPR	IETPICK.NGFLLDGFPR.TVRQAEM	94	104	0.9928	23.97862121912152	0.1486694532076278	0.1883707390582403	-0.08536889289897509	-0.1462151272637513	0.013143240723662686	-0.30769049184616293	-0.12981674109674568	0.07701547166390732	0.09085960434436746	-0.03167377266279381
P55072_LEILQIHTK	VCP	P55072	LEILQIHTK	IPDATGR.LEILQIHTK.NMKIADD	378	387	0.9377	21.267728017738403	-0.2886064168367781	-0.3479659691930541	-0.4309292310463064	0.13649436289696304	0.10232186549305844	0.03633774019492009	0.10119028659388807	0.07270594654808349	0.16021363827177293	0.19148235521777046
P55072_NVFIIGATNRPDIIDPAILRPGR	VCP	P55072	NVFIIGATNRPDIIDPAILRPGR	DGMSTKK.NVFIIGATNRPDIIDPAILRPGR.LDQIIYI	616	639	0.9989	23.288877643311494	-0.20609182163925333	-0.1701512596501784	0.020557041339039017	-0.02147547951899398	0.013996762947330765	-0.04998793050788741	0.14102136050817204	0.1972773104738188	0.07038220025006314	-0.02130505389242643
P55769_LLDLVQQSCNYK	SNU13	P55769	LLDLVQQSCNYK	DAHITKK.LLDLVQQSCNYK.QIRKGAN	22	34	0.9156	24.707128845166093	-0.12912243445174276	0.022364339799309185	0.08285876667964232	-0.03870079507367308	0.1617525505826265	0.017731419066072007	-0.13966106471030226	0.051980991587351255	0.07738833086632813	-0.04180289675209714
P56537_TSIEDQDELSSLLQVPLVAGTVNR	EIF6	P56537	TSIEDQDELSSLLQVPLVAGTVNR	GGIVHPK.TSIEDQDELSSLLQVPLVAGTVNR.GSEVIAA	165	189	0.9993	22.28308105469727	-0.23189197264382244	0.08119151742877317	0.08817428939017269	-0.20656573297904401	-0.04290175396168294	0.2491849008677356	-0.05526402155240984	0.050872466253091275	0.27052759336223087	0.021716281335063314
P60174_VIADNVK	TPI1	P60174	VIADNVK	VVFEQTK.VIADNVK.DWSKVVI	150	157	0.9137	25.836559218452635	-0.9337665390701559	-0.8760687592275422	-0.8684700179292335	0.1805629496190626	0.11593794446002192	0.03762645313871005	0.46086531090618177	0.4955560833781085	0.3363284812985432	0.010955713688140634
P60709_DLYANTVLSGGTTMYPGIADR	ACTB	P60709	DLYANTVLSGGTTMYPGIADR	CDVDIRK.DLYANTVLSGGTTMYPGIADR.MQKEITA	292	313	0.9955	24.589881855226796	-0.297896553984506	-0.2664234140642838	-0.03536913415518583	-0.10544975277854718	0.13619292530554006	0.02133696047170197	0.2702332860441432	0.13909794440187362	0.06269370187475776	0.0021656514649457392
P60709_SYELPDGQVITIGNER	ACTB	P60709	SYELPDGQVITIGNER	SSSSIEK.SYELPDGQVITIGNER.FRCPEAI	239	255	0.9995	29.057194043453855	-0.1738443606871627	-0.14997449441175714	0.036462387846566635	0.11159149220874287	0.007610619958192011	0.1989655797087817	-0.019392035333392066	0.01549423348991752	0.18945491088340916	-0.08094308373009618
P60709_TTGIVMDSGDGVTHTVPIYEGYALPHAILR	ACTB	P60709	TTGIVMDSGDGVTHTVPIYEGYALPHAILR	SIYASGR.TTGIVMDSGDGVTHTVPIYEGYALPHAILR.LDIAGRD	148	178	0.9999	21.519981801073236	-0.15406513209871342	-0.009691327748154954	0.0625369544335399	0.0349632217966338	-0.049163073855204686	0.1018478041914701	-0.012320777465222754	-0.014272862658387453	0.05530515028970395	0.06081247339238516
P61247_LIPDSIGK	RPS3A	P61247	LIPDSIGK	IKEVVNK.LIPDSIGK.DIEKACQ	188	196	0.9603	25.457934632981335	0.07621893777053046	-0.023272348295090062	-0.0565082393864067	0.013609933324623569	0.05016346299136032	-0.3167096317242244	0.004579964991829222	0.041100947569134405	-0.027126888908054703	0.026457193005224866
P61604_SAAETVTK	HSPE1	P61604	SAAETVTK	DRVIVER.SAAETVTK.GGIMIPE	21	29	0.9517	27.01155870972323	0.03685643357999169	0.09896570763049173	0.15518836267343517	0.07059192484502219	-0.14776720063546733	0.13215390901024904	-0.1227303120577945	-0.03199323402422394	-0.23648960731026225	0.018048818970079594
P61978_IITITGTQDQIQNAQYLLQNSVK	HNRNPK	P61978	IITITGTQDQIQNAQYLLQNSVK	IEGSEDR.IITITGTQDQIQNAQYLLQNSVK.QYSGKFF	434	457	1.0	27.14183001660195	0.10445643994540887	-0.23347260314759222	-0.020694130687401113	0.07816907250523286	0.0	-0.012779909526141608	0.10097853900643639	0.02740416069408269	0.17924976986759145	-0.20111368532194618
P62263_TPGPGAQSALR	RPS14	P62263	TPGPGAQSALR	TGGNRTK.TPGPGAQSALR.AIARSGM	107	118	0.9095	22.685693583000965	0.040073351362650556	-0.03458308425307077	-0.014813195667189305	0.06723833177641936	0.06820951614603388	-0.3368748976812732	0.11423008748517116	-0.19600083001151702	-0.0020363312680382606	0.07044159693101548
P62280_NIGLGFK	RPS11	P62280	NIGLGFK	KIPRYYK.NIGLGFK.TPKEAIE	39	46	0.9322	25.06037845461287	0.11394435540791648	0.07441738097025752	0.001759223830894996	-0.008334775841621678	-0.07832271587679074	-0.14985097733335095	0.03789207461593147	-0.009197010449135234	-0.131072096304643	-0.004349014671589657
P62906_AVDIPHMDIEALK	RPL10A	P62906	AVDIPHMDIEALK	QHCDEAK.AVDIPHMDIEALK.KINKNKK	79	92	0.9661	23.13938795009109	-0.06912925736336639	0.043449240564407354	-0.1399278146325038	-0.20750743995629684	0.1311404269011227	0.0806801342386354	0.10718856300153323	0.03765530256701766	-0.07889088149640155	0.0017750491620489584
P68371_MSATFIGNSTAIQELFK	TUBB4B	P68371	MSATFIGNSTAIQELFK	IPPRGIK.MSATFIGNSTAIQELFK.RISEQFT	363	380	0.9992	24.20566012013098	-0.3792015000569684	-0.23831078722396004	-0.20453852262633898	0.04554615610786428	0.01927407211615595	0.06796932764437624	0.18089117618105632	0.12169659318244896	0.2962255392119344	0.03625062652854716
P78527_GLSSLLCNFTK	PRKDC	P78527	GLSSLLCNFTK	VIAGCIK.GLSSLLCNFTK.SMEEDPQ	226	237	0.9938	22.824256458702436	-0.14952485564043982	-0.06628197587468687	-0.03012394681413255	-0.047261833696602196	0.05259893303503205	0.06761281852878476	0.018488179804367455	0.049770015780332244	0.1089433498593424	0.0449306354686847
Q00610_TSIDAYDNFDNISLAQR	CLTC	Q00610	TSIDAYDNFDNISLAQR	EDYQAIR.TSIDAYDNFDNISLAQR.LEKHEII	1482	1499	0.9996	23.542319992789984	0.28703963147798106	-0.048096018026615006	-0.3960423118609331	-0.12414267520830435	-0.12815019217864787	0.16928658836157595	-0.030753918676276193	-0.06095385184733004	0.15748114153415305	0.051708409420420764
Q08170_GESENAGTNQETR	SRSF4	Q08170	GESENAGTNQETR	SSQREGR.GESENAGTNQETR.SRSRSNS	429	442	0.9996	22.292450524313146	0.16665434578772675	0.21034271364045498	0.15284037842670628	0.01838842824345832	0.008545081051856585	0.054900902869576385	-0.15048159639978653	-0.2357077453102292	-0.23184024404546388	-0.08016958832071097
Q09666_ADVDISGPK	AHNAK	Q09666	ADVDISGPK	VDVNIPK.ADVDISGPK.IDVTAPD	776	785	0.9902	24.558948225582288	-0.09132176182101404	-0.04964768197965608	-0.18236384869853595	0.13253415978106275	-0.0032579527555611776	0.042215879452466964	-0.024214422480480557	0.1575212714894647	-0.014177859151563332	-0.07264493333928712
Q12905_ILPTLEAVAALGNK	ILF2	Q12905	ILPTLEAVAALGNK	DIVVIIK.ILPTLEAVAALGNK.VVESIRA	128	142	0.9807	24.00128685675813	-0.014522466225907138	-0.06536979504970208	0.184779799386817	-0.015158386952039749	0.036736903853269	-0.18931574368756365	-0.06605510892055388	0.014323771888953729	-0.008093267556835038	0.0931594932414388
Q12905_KEGEEEEENTEEPPQGEEEESMETQE	ILF2	Q12905	KEGEEEEENTEEPPQGEEEESMETQE	YEKPPEK.KEGEEEEENTEEPPQGEEEESMETQE.	365	391	0.9849	22.040033659595636	0.0361969666921933	-0.5607380008452916	-0.09915392271529377	0.05397735922697322	0.0513911401970546	0.0877578956969387	0.08937860868211356	0.0345561592639676	0.18955208779590382	0.07316378455240269
Q12906_LFPDTPLALDANK	ILF3	Q12906	LFPDTPLALDANK	AIAAIEK.LFPDTPLALDANK.KKRAPVP	588	601	0.9267	24.96178366621419	0.06548540089692167	0.0989159052175852	-0.03228757563771367	-0.04833957647204912	0.03224688108292462	-0.3248859717457506	0.0784035295737544	-0.005630228124985592	-0.16317356253207915	0.021824822868872218
Q12906_VADNLAIQLAAVTEDK	ILF3	Q12906	VADNLAIQLAAVTEDK	TTAIIDK.VADNLAIQLAAVTEDK.YEIIQSV	128	144	0.9969	24.686209519583954	-0.0033749624753429686	0.06898378199524036	0.03202073633779179	0.10823442551359719	0.011362375214929443	0.017654160574823052	-0.18233592064577397	-0.047542416740716575	-0.15047662937312634	0.060437105378222
Q13263_AATDAQDANQCCTSCEDNAPATSYCVECSEPLCETCVEAHQR	TRIM28	Q13263	AATDAQDANQCCTSCEDNAPATSYCVECSEPLCETCVEAHQR	MRDSGSK.AATDAQDANQCCTSCEDNAPATSYCVECSEPLCETCVEAHQR.VKYTKDH	142	184	1.0	24.393976174374078	-0.10249177410423016	-0.3491059861294916	0.2009753127311189	-0.07148625617140425	0.05691249521231789	0.12993315543061534	0.12167102835346721	-0.006636275362250643	0.2864136565035915	-0.05397763413671619
Q13813_CTELNQAWSSLGK	SPTAN1	Q13813	CTELNQAWSSLGK	AEDIQEK.CTELNQAWSSLGK.RADQRKA	1314	1327	0.9692	21.71201458877012	0.015228905577819418	-0.05748489759368791	0.041601906196108374	0.06307268670924415	-0.11655815872834907	0.04787846832297937	0.062151541138015354	-0.03181639115122259	-0.05701722497637274	0.021919457642942675
Q15084_ALDLFSDNAPPPELLEIINEDIAK	PDIA6	Q15084	ALDLFSDNAPPPELLEIINEDIAK	RSDIVSR.ALDLFSDNAPPPELLEIINEDIAK.RTCEEHQ	265	289	0.9917	20.98179301979435	0.049753251305444834	-0.22475128563649616	0.21865273632078797	0.20171571807119903	-0.16388700427107317	0.027693210907226984	-0.04522092788186338	-0.003969591214113777	0.11120164244032882	-0.07303835804268743
Q15084_TGEAIVDAALSALR	PDIA6	Q15084	TGEAIVDAALSALR	EDYQGGR.TGEAIVDAALSALR.QIVKDRI	119	133	0.9829	24.457270558292365	0.3094551674906487	-0.06679591048786815	-0.2752046814853042	0.05613360506092668	-0.10016169929797059	-0.3470785851908502	0.08800178191522168	-0.017475092665712566	-0.07899900882627175	0.012874733113013903
Q15084_VGAVDADK	PDIA6	Q15084	VGAVDADK	AIKDVVK.VGAVDADK.HHSIGGQ	78	86	0.9559	25.353481479359242	0.22354293681789628	0.21456676907578132	0.1733390272180131	-0.10358680933847353	-0.0695833231691374	-0.3017578123400817	-0.0752992494378697	-0.12373027265403636	-0.08411573773273151	-0.020061362667981086
Q15149_LLFNDVQTLK	PLEC	Q15149	LLFNDVQTLK	KADSMIR.LLFNDVQTLK.DGRHPQG	588	598	0.9379	25.100986002580637	0.19361574026070372	0.06558550263427154	0.0660373579628768	-0.03321868333338429	-0.021166205005226146	-0.26237553942011616	-0.08328250290150496	-0.06545969405566154	-0.03754487982425747	0.03306384361401271
Q15233_GAMPPAPVPAGTPAPPGPATMMPDGTLGLTPPTTER	NONO	Q15233	GAMPPAPVPAGTPAPPGPATMMPDGTLGLTPPTTER	AMGINNR.GAMPPAPVPAGTPAPPGPATMMPDGTLGLTPPTTER.FGQAATM	399	435	0.9993	23.286503821312408	-0.06643538753892742	-0.061377205309729455	0.10472574145199331	-0.2987139059987989	0.017291974553097944	0.018678740732724464	0.09657956232930598	0.06364112806904387	0.14768849433481446	0.06826486647284113
Q15424_SKDQDDQKPGPSER	SAFB	Q15424	SKDQDDQKPGPSER	DDGSGEK.SKDQDDQKPGPSER.SRATKSG	536	550	0.9934	24.477400208298363	-0.06259862843488762	0.06656628617632254	0.5176260915100954	0.10481868476551881	-0.02618885367655821	0.005781646754766001	-0.08072998787291841	-0.26133572539626826	-0.040641047194935886	-0.09615782027564279
Q15717_VLVDQTTGLSR	ELAVL1	Q15717	VLVDQTTGLSR	GRIINSR.VLVDQTTGLSR.GVAFIRF	137	148	0.9984	24.307405500495538	0.03453568557410591	0.04677038226440633	-0.026096229345730748	0.0011869716802728192	-0.011259929364236143	-0.09083373228408931	-0.020217573718128712	-0.0035861300320796374	-0.11838489750775683	0.061815162839391036
Q16836_TFESLVDFSK	HADH	Q16836	TFESLVDFSK	TPMTSQK.TFESLVDFSK.AIGKHPV	193	203	0.9814	23.245704094560192	0.17385845487468288	0.21902941557673916	0.14740717664118108	-0.11119762200392103	0.010921823771102623	-0.11072159664516334	0.0019713619972057117	-0.16274706242739967	-0.12467471675352382	-0.13586769881533556
Q16881_IGLETVGVK	TXNRD1	Q16881	IGLETVGVK	RDACTRK.IGLETVGVK.INEKTGK	450	459	0.9935	22.851966927589654	-0.545104787526439	-0.36315222781130085	-0.2639560736409923	0.0672305202733483	0.06207164283537736	-0.028413927634534986	0.3221457004235715	0.2198071575867857	0.30473173120687935	0.0
Q1KMD3_AAEEQGDDQDSEK	HNRNPUL2	Q1KMD3	AAEEQGDDQDSEK	SEVPGDK.AAEEQGDDQDSEK.SKPAGSD	175	188	0.9957	23.6270303816401	-0.01532621783954724	-0.03277638681369677	0.1934527506297954	-0.03973313295729852	-0.04370894184793883	0.0563913255015116	0.03443847236527642	0.01529748622146343	-0.023505796091087383	-0.05044821046980985
Q1KMD3_VTQNLPMK	HNRNPUL2	Q1KMD3	VTQNLPMK	KVCFEAK.VTQNLPMK.EGCTEVS	298	306	0.9508	23.14544687437278	-0.09669437148053817	0.10904277127806328	0.12782326700403068	-0.054849553970200304	0.08310885073132113	-0.13747095590299452	-0.1564697803134445	0.14427770542915042	0.06405115744426038	-0.0783932708213193
Q8IWS0_NHSGNDERDEEDEERESK	PHF6	Q8IWS0	NHSGNDERDEEDEERESK	IYKIYCK.NHSGNDERDEEDEERESK.SRGKVEI	328	346	0.9999	24.836493382760075	0.06938374867950614	0.0046196604574015865	0.04286471165226402	0.1169934257234253	-0.05025762190150118	-0.6033127638869047	0.027405069206813515	-0.002222769103703115	0.01507225279519897	0.04752462311205363
Q8WU39_TCLHYLGEFGEDQIYEAHQQGR	MZB1	Q8WU39	TCLHYLGEFGEDQIYEAHQQGR	WPTRISR.TCLHYLGEFGEDQIYEAHQQGR.GAIEAII	142	164	0.9999	24.23403811058405	-0.3903777329971554	0.12541811143570758	0.04710564818861229	-0.0596481887178264	0.0010938550433774452	0.367780492850585	-0.12869056521843536	0.11547751653098715	-0.03561369567830308	0.03664177443443961
Q92841_GTAYTFFTPGNLK	DDX17	Q92841	GTAYTFFTPGNLK	TARSTNK.GTAYTFFTPGNLK.QAREIIK	516	529	0.9908	24.018271565994525	0.19377326556046093	0.0546931189675286	-0.03494342708517806	-0.022412783072818243	0.1357932092641132	-0.27573238624956353	-0.05666589783881992	-0.1119981766734437	-0.2926605685403514	0.06508695762581063
Q92973_TVAQQHDEDGIEEEDDDDDEIDDDDTISDWNLR	TNPO1	Q92973	TVAQQHDEDGIEEEDDDDDEIDDDDTISDWNLR	PRFHRSR.TVAQQHDEDGIEEEDDDDDEIDDDDTISDWNLR.KCSAAAI	352	385	1.0	26.508334566738167	-0.12244461952022334	-0.20275939988946057	-0.21193135734621826	-0.0023248235579478305	0.10293361308466942	0.0042136205100860025	0.09745241181435915	0.0600814648795609	0.2539486380087812	-0.034795559319062974
Q96AG4_LTTLPSDFCGLTHLVK	LRRC59	Q96AG4	LTTLPSDFCGLTHLVK	IDISCNK.LTTLPSDFCGLTHLVK.LDISKNK	51	67	0.9986	25.261068587481564	0.09316632798918967	-0.06727698286137329	0.19528298343567663	-0.05185884485569936	-0.06708251342563898	-0.07547433801194003	0.0019483154162900362	-0.03937027619685729	0.032297885681201954	0.029203795150509748
Q99714_VCNFLASQVPFPSR	HSD17B10	Q99714	VCNFLASQVPFPSR	ITSIPEK.VCNFLASQVPFPSR.LGDPAEY	213	227	0.9543	24.35575639856197	0.12988969485820867	0.2094536717419624	0.8207981273369143	-0.13190049416977523	-0.12889227674948778	-0.31864466599100894	-0.22327402705644683	-0.09526896860917766	-0.029193089609941048	-0.224742716676694
Q9UHD8_STLINTLFK	SEPTIN9	Q9UHD8	STLINTLFK	GQSGIGK.STLINTLFK.SKISRKS	312	321	0.9445	22.61388590962227	-0.2909496891543437	-0.42362080788708756	-0.057020634174183016	-0.0848493923335667	-0.054261119111465916	0.0	0.27445459492089785	0.2628359164836631	0.3435673492321891	0.0021961963424423914
Q9UHX1_DIDDDLEGEVTEECGK	PUF60	Q9UHX1	DIDDDLEGEVTEECGK	RNMVDPK.DIDDDLEGEVTEECGK.FGAVNRV	474	490	0.9947	25.30408936405774	-0.05452181147780877	-0.16103453820034996	0.23898813938070518	-0.06995774793106335	0.16972569248376956	0.012572307110664482	-0.048100921398760654	-0.06071156303071845	0.2095887165053858	-0.057186611270410026
Q9UQE7_AELGTDLLSQLSLEDQK	SMC3	Q9UQE7	AELGTDLLSQLSLEDQK	STRESIK.AELGTDLLSQLSLEDQK.RVDAIND	779	796	0.9939	22.540348570790464	0.0922057434045005	0.018412764408478388	-0.027065540019531653	-0.06368021378854216	0.020167149369703097	0.05122488195903507	-0.07685771550146203	-0.03599621330064018	0.0765579502869782	-0.017009188438580125
Q9Y2W1_IDISPSTFR	THRAP3	Q9Y2W1	IDISPSTFR	SPEIHRR.IDISPSTFR.KHGIAHD	679	688	0.9792	23.924025491966855	0.121265724018917	0.07441922188188688	-0.08553668533909509	-0.005997164640669794	0.07742530178316365	0.016626986633999863	-0.08543557240450728	-0.034330299651436746	-0.010603933564085288	-0.12040253508375187
Q9Y6V7_ILIATDVASR	DDX49	Q9Y6V7	ILIATDVASR	FKSSIYR.ILIATDVASR.GIDIPTV	301	311	0.998	25.91765985863791	0.13137964925992662	0.10755311789173394	0.043237402540084346	0.03270985932836723	0.01158846321970941	-0.1409918448252654	-0.09968289689413101	-0.1370637029909787	-0.009451884437136293	-0.01939736863559105
